dataTime,so2Value,coValue,o3Value,no2Value,pm10Value,pm25Value
2022021114,,,0.048,0.011000000000000001,43,19
2022021115,,,0.053,0.011,51,25
2022021116,,,0.054000000000000006,0.01,64,23
2022021117,,,0.055,0.010,57,22
