dataTime,so2Value,coValue,o3Value,no2Value,pm10Value,pm25Value
2022021114,0.004,0.4,0.036000000000000004,0.021,59,34
2022021115,0.005,0.4,0.044,0.019,62,33
2022021116,0.004,0.3,0.054000000000000006,0.015,58,29
2022021117,0.004,0.3,0.055,0.015,45,31
