dataTime,so2Value,coValue,o3Value,no2Value,pm10Value,pm25Value
2022021114,0.003,0.2,0.045,0.025,34,22
2022021115,0.004,0.2,0.052000000000000005,0.023,39,26
2022021116,0.003,0.2,0.055999999999999994,0.022000000000000002,47,31
2022021117,0.003,0.2,0.054,0.025,43,34
