dataTime,so2Value,coValue,o3Value,no2Value,pm10Value,pm25Value
2022021114,0.003,0.7,0.061,0.013000000000000001,128,75
2022021115,0.002,0.7,0.061,0.014,121,77
2022021116,0.003,0.7,0.061,0.013999999999999999,118,74
2022021117,0.002,0.7,0.060,0.014,129,78
