dataTime,so2Value,coValue,o3Value,no2Value,pm10Value,pm25Value
2022021114,0.003,0.3,0.052000000000000005,0.018000000000000002,31,25
2022021115,0.004,0.4,0.057,0.021,37,30
2022021116,0.003,0.4,0.057999999999999996,0.023,47,38
2022021117,0.003,0.3,0.057,0.024,43,31
