dataTime,so2Value,coValue,o3Value,no2Value,pm10Value,pm25Value
2022021114,0.003,0.4,0.039,0.022000000000000002,51,38
2022021115,0.003,0.4,0.042,0.026,43,30
2022021116,0.003,0.4,0.040999999999999995,0.027000000000000003,59,38
2022021117,0.004,0.4,0.040,0.029,54,34
