dataTime,so2Value,coValue,o3Value,no2Value,pm10Value,pm25Value
2022021114,0.005,0.3,0.034,0.018000000000000002,48,34
2022021115,0.004,0.3,0.036000000000000004,0.019,41,34
2022021116,0.004,0.3,0.034,0.026000000000000002,55,32
2022021117,0.004,0.3,0.037,0.024,61,39
