dataTime,so2Value,coValue,o3Value,no2Value,pm10Value,pm25Value
2022021114,0.005,0.4,0.051,0.009000000000000001,38,23
2022021115,0.003,0.4,0.055,0.008,44,27
2022021116,0.003,0.4,0.055,0.009000000000000001,46,25
2022021117,0.004,0.4,0.056,0.010,36,30
