dataTime,so2Value,coValue,o3Value,no2Value,pm10Value,pm25Value
2022021114,0.003,0.4,0.040999999999999995,0.027999999999999997,48,32
2022021115,0.003,0.4,0.042,0.032,40,27
2022021116,0.004,0.4,0.047,0.027999999999999997,52,36
2022021117,0.004,0.4,0.045,0.031,49,33
