dataTime,so2Value,coValue,o3Value,no2Value,pm10Value,pm25Value
2022021114,0.004,0.4,0.03,0.036000000000000004,42,28
2022021115,0.005,0.4,0.034,0.037000000000000005,45,24
2022021116,0.005,0.4,0.033,0.042,54,32
2022021117,0.005,0.4,0.028,0.050,52,33
