dataTime,so2Value,coValue,o3Value,no2Value,pm10Value,pm25Value
2022021114,0.006,0.4,0.055999999999999994,0.009000000000000001,43,30
2022021115,0.004,0.3,0.062,0.008,66,29
2022021116,0.004,0.3,0.065,0.006999999999999999,43,30
2022021117,0.004,0.4,0.064,0.008,41,25
