dataTime,so2Value,coValue,o3Value,no2Value,pm10Value,pm25Value
2022021114,0.003,0.4,0.024,0.046,45,27
2022021115,0.003,0.3,0.031,0.044,46,28
2022021116,0.004,0.4,0.026000000000000002,0.052000000000000005,42,26
2022021117,0.003,0.3,0.026,0.053,45,34
