dataTime,so2Value,coValue,o3Value,no2Value,pm10Value,pm25Value
2022021114,0.005,0.5,0.038,0.042,51,30
2022021115,0.005,0.5,0.041,0.04,61,41
2022021116,0.005,0.4,0.052000000000000005,0.028999999999999998,63,40
2022021117,0.005,0.5,0.050,0.031,46,29
