dataTime,so2Value,coValue,o3Value,no2Value,pm10Value,pm25Value
2022021114,0.003,0.5,0.040999999999999995,0.023,40,28
2022021115,0.004,0.5,0.05,0.018000000000000002,37,25
2022021116,0.003,0.5,0.055,0.015,37,28
2022021117,0.003,0.5,0.056,0.013,34,29
