dataTime,so2Value,coValue,o3Value,no2Value,pm10Value,pm25Value
2022021114,0.004,0.4,0.037000000000000005,0.021,43,36
2022021115,0.004,0.4,0.037000000000000005,0.025,34,26
2022021116,0.004,0.4,0.035,0.032,39,30
2022021117,0.004,0.4,0.037,0.030,49,40
