dataTime,so2Value,coValue,o3Value,no2Value,pm10Value,pm25Value
2022021114,0.003,0.4,0.036000000000000004,0.031,41,25
2022021115,0.003,0.4,0.04,0.027000000000000003,49,41
2022021116,0.004,0.4,0.047,0.023,47,32
2022021117,0.003,0.4,0.050,0.020,41,
