dataTime,so2Value,coValue,o3Value,no2Value,pm10Value,pm25Value
2022021114,0.003,0.4,0.042,0.018000000000000002,33,30
2022021115,0.003,0.3,0.047,0.016,39,28
2022021116,0.003,0.4,0.044000000000000004,0.022000000000000002,33,26
2022021117,0.003,0.4,0.037,0.032,40,32
