dataTime,so2Value,coValue,o3Value,no2Value,pm10Value,pm25Value
2022021114,0.003,0.4,0.04,0.026000000000000002,26,18
2022021115,0.004,0.4,0.043,0.028,33,23
2022021116,0.004,0.4,0.052000000000000005,0.023,38,28
2022021117,0.007,0.4,0.048,0.027,38,30
