dataTime,so2Value,coValue,o3Value,no2Value,pm10Value,pm25Value
2022032314,0.002,0.3,0.037000000000000005,0.022000000000000002,34,23
2022032514,0.004,0.3,0.058,0.015,43,34
2022032516,0.005,0.3,0.049,0.017,37,26
2022032517,0.005,0.3,0.046,0.02,35,27
