dataTime,so2Value,coValue,o3Value,no2Value,pm10Value,pm25Value
2022032314,,,0.037000000000000005,0.027999999999999997,42.0,27.0
2022032514,,,0.061,0.016,42.0,29.0
2022032516,,,,,,
2022032517,,,0.048,0.022,33.0,24.0
