dataTime,so2Value,coValue,o3Value,no2Value,pm10Value,pm25Value
2022032314,0.003,0.4,0.038,0.012,33,15
2022032514,0.003,0.4,0.062,0.006999999999999999,45,32
2022032516,0.005,0.3,0.055,0.006999999999999999,34,21
2022032517,0.004,0.3,0.055,0.006999999999999999,34,17
