dataTime,so2Value,coValue,o3Value,no2Value,pm10Value,pm25Value
2022032314,0.002,0.3,0.052000000000000005,0.015,30,22
2022032514,0.004,0.3,0.063,0.009000000000000001,39,26
2022032516,0.003,0.3,0.054000000000000006,0.012,33,21
2022032517,0.004,0.3,0.053,0.012,33,25
