dataTime,so2Value,coValue,o3Value,no2Value,pm10Value,pm25Value
2022032314,0.003,0.4,0.052000000000000005,0.018000000000000002,47,34
2022032514,0.003,0.5,0.067,0.013,45,33
2022032516,0.004,0.4,0.062,0.013999999999999999,40,26
2022032517,0.004,0.4,0.057,0.017,35,25
