dataTime,so2Value,coValue,o3Value,no2Value,pm10Value,pm25Value
2022032314,0.003,0.5,0.035,0.033,54,35
2022032514,0.004,0.5,0.055,0.021,46,33
2022032516,0.005,0.4,0.054000000000000006,0.013999999999999999,42,23
2022032517,0.005,0.4,0.05,0.019,34,20
