dataTime,so2Value,coValue,o3Value,no2Value,pm10Value,pm25Value
2022032314,0.004,0.3,0.034,0.036000000000000004,48,31
2022032514,0.004,0.4,0.043,0.046,58,36
2022032516,0.005,0.3,0.034,0.054000000000000006,46,25
2022032517,0.005,0.3,0.032,0.056,45,24
