dataTime,so2Value,coValue,o3Value,no2Value,pm10Value,pm25Value
2022032314,0.005,0.4,0.028999999999999998,0.027999999999999997,47,33
2022032514,0.005,0.3,0.058,0.013,45,35
2022032516,0.005,0.3,0.055,0.013999999999999999,43,38
2022032517,0.005,0.3,0.061,0.009000000000000001,38,36
