dataTime,so2Value,coValue,o3Value,no2Value,pm10Value,pm25Value
2022032314,0.003,0.4,0.038,0.02,49,29
2022032514,0.004,0.4,0.051,0.018000000000000002,46,32
2022032516,0.005,0.4,0.039,0.027999999999999997,44,33
2022032517,0.004,0.3,0.045,0.016,48,35
