dataTime,so2Value,coValue,o3Value,no2Value,pm10Value,pm25Value
2022032314,,,0.038,0.021,27,19
2022032514,,,0.06,0.012,42,27
2022032516,,,0.054000000000000006,0.013000000000000001,31,23
2022032517,,,0.053,0.013,30,22
