dataTime,so2Value,coValue,o3Value,no2Value,pm10Value,pm25Value
2022032314,,,0.028999999999999998,0.024,38,17
2022032514,,,0.057,0.011,43,25
2022032516,,,0.048,0.013999999999999999,44,22
2022032517,,,0.046,0.016,36,18
