dataTime,so2Value,coValue,o3Value,no2Value,pm10Value,pm25Value
2022032314,0.004,0.4,0.036000000000000004,0.022000000000000002,44,27
2022032514,0.004,0.4,0.05,0.018000000000000002,45,28
2022032516,0.005,0.4,0.046,0.017,38,31
2022032517,0.005,0.4,0.045,0.018000000000000002,35,23
