dataTime,so2Value,coValue,o3Value,no2Value,pm10Value,pm25Value
2022032314,0.002,0.4,0.046,0.018000000000000002,54,26
2022032514,0.003,0.5,0.059,0.018000000000000002,61,28
2022032516,0.004,0.4,0.053,0.017,47,28
2022032517,0.004,0.4,0.049,0.02,46,23
