dataTime,so2Value,coValue,o3Value,no2Value,pm10Value,pm25Value
2022032314,,,0.036000000000000004,0.02,34,20
2022032514,,,0.055,0.012,39,31
2022032516,,,0.047,0.013999999999999999,33,24
2022032517,,,0.044,0.016,32,24
