dataTime,so2Value,coValue,o3Value,no2Value,pm10Value,pm25Value
2022071509,0.002,0.3,0.036000000000000004,0.013000000000000001,15,13
2022071513,0.006,0.3,0.107,0.014,37,37
