dataTime,so2Value,coValue,o3Value,no2Value,pm10Value,pm25Value
2022071509,0.003,0.4,0.013999999999999999,0.040999999999999995,31,16
2022071513,0.003,0.3,0.077,0.019,42,25
