dataTime,so2Value,coValue,o3Value,no2Value,pm10Value,pm25Value
2022071509,0.004,0.4,0.013000000000000001,0.037000000000000005,29,17
2022071513,0.003,0.3,0.061,0.029,34,17
