dataTime,so2Value,coValue,o3Value,no2Value,pm10Value,pm25Value
2022071509,0.003,0.2,0.013000000000000001,0.040999999999999995,14,9
2022071513,0.002,0.2,0.038,0.033,28,17
