dataTime,so2Value,coValue,o3Value,no2Value,pm10Value,pm25Value
2022072209,0.002,0.4,0.044000000000000004,0.013999999999999999,26,17
2022072510,0.004,0.4,0.007,0.054,40,21
2022072511,0.004,0.4,0.013,0.048,45,27
