dataTime,so2Value,coValue,o3Value,no2Value,pm10Value,pm25Value
2022072209,0.003,0.3,0.028999999999999998,0.027999999999999997,26,17
2022072510,0.003,0.4,0.022,0.029,31,18
2022072511,0.003,0.4,0.027,0.032,43,26
